"seed","total_edges","network","AUPRC_act","AUPRC_inh"
125,27,1,0.752777777777778,0.430208333333333
125,27,2,0.638103991596639,0.463217256599609
125,30,1,0.72962962962963,0.356994047619048
125,30,2,0.61515507518797,0.441303068276752
125,33,1,0.679365079365079,0.314707341269841
125,33,2,0.610714285714286,0.385890652557319
125,36,1,0.633816425120773,0.260441468253968
125,36,2,0.603043831168831,0.339365881032548
125,39,1,0.622222222222222,0.234446463862225
125,39,2,0.474228395061728,0.33179012345679
125,42,1,0.58941798941799,0.204066506410256
125,42,2,0.467283950617284,0.278189239953946
177,27,1,0.558008658008658,0.555555555555556
177,27,2,0.548244631185808,0.617765567765568
177,30,1,0.544119769119769,0.438690476190476
177,30,2,0.484268626110731,0.602380952380952
177,33,1,0.521438410074774,0.4
177,33,2,0.467727272727273,0.421738695478191
177,36,1,0.43410268365802,0.341854636591479
177,36,2,0.430219297610602,0.362790905836019
177,39,1,0.402777651641288,0.313997113997114
177,39,2,0.365875790875791,0.298113790970934
177,42,1,0.39482009195959,0.26115515436944
177,42,2,0.335099579104281,0.277161410018553
629,27,1,0.512599206349206,0.81078869047619
629,27,2,0.721428571428571,0.490740740740741
629,30,1,0.494952147525677,0.64281337535014
629,30,2,0.644897959183673,0.438712522045855
629,33,1,0.418299062049062,0.529834054834055
629,33,2,0.627437641723356,0.37962962962963
629,36,1,0.408071789321789,0.424780466447133
629,36,2,0.564625850340136,0.338298443370907
629,39,1,0.366950757575758,0.374682724682725
629,39,2,0.557823129251701,0.268131868131868
629,42,1,0.325861291486291,0.341180732847399
629,42,2,0.554160125588697,0.242361111111111
753,27,1,0.668367346938776,0.550833333333334
753,27,2,0.420068027210884,0.558611111111111
753,30,1,0.642857142857143,0.449761904761905
753,30,2,0.396258503401361,0.479166666666667
753,33,1,0.536706349206349,0.433095238095238
753,33,2,0.341836734693877,0.437590579710145
753,36,1,0.370941558441558,0.413530020703934
753,36,2,0.288768115942029,0.395
753,39,1,0.305513417741679,0.403095238095238
753,39,2,0.278333333333333,0.321512746512747
753,42,1,0.275841346153846,0.364543650793651
753,42,2,0.273717948717949,0.308928571428571
1419,27,1,0.510923520923521,0.601360544217687
1419,27,2,0.684920634920635,0.533189033189033
1419,30,1,0.430873015873016,0.498412698412698
1419,30,2,0.668253968253968,0.447960372960373
1419,33,1,0.348415515643777,0.480272108843537
1419,33,2,0.563624338624339,0.399841131091131
1419,36,1,0.303232600732601,0.409467120181406
1419,36,2,0.504403158569825,0.392170676545676
1419,39,1,0.303232600732601,0.409467120181406
1419,39,2,0.43428531345198,0.36354739010989
1419,42,1,0.296364468864469,0.379053089767376
1419,42,2,0.400605258938592,0.346279761904762
1434,27,1,0.37037037037037,0.922222222222222
1434,27,2,0.759915547415548,0.739859943977591
1434,30,1,0.327493686868687,0.91
1434,30,2,0.723313492063492,0.612474937343358
1434,33,1,0.285648148148148,0.805297619047619
1434,33,2,0.6885348583878,0.598690476190476
1434,36,1,0.269444444444444,0.667797619047619
1434,36,2,0.400494743351886,0.515376984126984
1434,39,1,0.250844988344988,0.641503912753913
1434,39,2,0.384268707482993,0.506562881562882
1434,42,1,0.220634920634921,0.603275072628521
1434,42,2,0.378814162028448,0.399645546024856
1477,27,1,0.775755677071467,0.584615384615385
1477,27,2,0.518783068783069,0.64375
1477,30,1,0.756181949363768,0.331349206349206
1477,30,2,0.410339506172839,0.55625
1477,33,1,0.750792082313822,0.312091503267974
1477,33,2,0.363708513708514,0.45
1477,36,1,0.737110112110112,0.225883838383838
1477,36,2,0.338986657464918,0.337842190016103
1477,39,1,0.683398924308015,0.216792929292929
1477,39,2,0.330291005291005,0.312901234567901
1477,42,1,0.532260101010101,0.193253968253968
1477,42,2,0.322883597883598,0.282323232323232
1594,27,1,0.632222222222222,0.688888888888889
1594,27,2,0.591914682539682,0.506666666666667
1594,30,1,0.585833333333333,0.643105158730159
1594,30,2,0.473310485810486,0.441428571428571
1594,33,1,0.537460317460317,0.636671335200747
1594,33,2,0.412318006068006,0.343253968253968
1594,36,1,0.46169733044733,0.610119047619048
1594,36,2,0.391508954008954,0.318055555555556
1594,39,1,0.449357586857587,0.585497835497836
1594,39,2,0.353393469557263,0.238070926657883
1594,42,1,0.373591954022989,0.552142857142857
1594,42,2,0.338415404040404,0.235353535353535
1612,27,1,0.52037037037037,0.436160714285714
1612,27,2,0.575595238095238,0.58558201058201
1612,30,1,0.391325536062378,0.398345588235294
1612,30,2,0.528162202380952,0.480092592592593
1612,33,1,0.327020202020202,0.329166666666667
1612,33,2,0.469157268170426,0.426677805625174
1612,36,1,0.302104377104377,0.287405303030303
1612,36,2,0.420048701298701,0.330543530543531
1612,39,1,0.287859362859363,0.245659722222222
1612,39,2,0.361259920634921,0.282006974506974
1612,42,1,0.261190476190476,0.22232905982906
1612,42,2,0.344913766788767,0.256613756613757
2120,27,1,0.680555555555556,0.475850340136054
2120,27,2,0.711390692640693,0.706944444444444
2120,30,1,0.615914786967419,0.348196778711485
2120,30,2,0.63481824548001,0.585080143168378
2120,33,1,0.574625220458554,0.300751879699248
2120,33,2,0.607751623376623,0.494398348565015
2120,36,1,0.539969135802469,0.248690025252525
2120,36,2,0.605073051948052,0.435782427449094
2120,39,1,0.517164162997496,0.228251262626263
2120,39,2,0.594209956709957,0.390437032103699
2120,42,1,0.414417989417989,0.218635878010878
2120,42,2,0.579710393772894,0.329275970942638
2569,27,1,0.660185185185185,0.400744047619048
2569,27,2,0.658107687519452,0.440625
2569,30,1,0.637037037037037,0.335416666666667
2569,30,2,0.619488536155203,0.430208333333333
2569,33,1,0.499285714285714,0.269948308270677
2569,33,2,0.57982202982203,0.350552161654135
2569,36,1,0.428172877846791,0.243157016594517
2569,36,2,0.530459556546513,0.338020833333333
2569,39,1,0.417738095238095,0.217988201412114
2569,39,2,0.481711344211344,0.323139880952381
2569,42,1,0.355,0.196986346986347
2569,42,2,0.474080086580087,0.266540750915751
3219,27,1,0.459979666797849,0.582823129251701
3219,27,2,0.554593837535014,0.834615384615385
3219,30,1,0.417675127902401,0.520416499933307
3219,30,2,0.500632262474368,0.697222222222222
3219,33,1,0.395111887453785,0.486021601623105
3219,33,2,0.476948051948052,0.544047619047619
3219,36,1,0.386416235279872,0.44695165945166
3219,36,2,0.442912698412698,0.500862794612795
3219,39,1,0.362018242700061,0.442810872702177
3219,39,2,0.41969474969475,0.46219806763285
3219,42,1,0.34114022080323,0.429450826950827
3219,42,2,0.411265630920803,0.422092352092352
3646,27,1,0.666482843137255,0.641228991596638
3646,27,2,0.450104657247514,0.671033868092692
3646,30,1,0.657291666666666,0.497178130511464
3646,30,2,0.402380952380953,0.649362041467304
3646,33,1,0.641666666666667,0.460682219015552
3646,33,2,0.345229000691186,0.631818181818182
3646,36,1,0.550109989648033,0.391736551156841
3646,36,2,0.326351593268887,0.524901185770751
3646,39,1,0.545014880952381,0.384852493185826
3646,39,2,0.311997526283241,0.403302253302253
3646,42,1,0.531994047619047,0.343396418396418
3646,42,2,0.27812925170068,0.389376523859282
4119,27,1,0.781349206349206,0.47369178440607
4119,27,2,0.481845238095238,0.588869047619048
4119,30,1,0.662625791057164,0.418027210884354
4119,30,2,0.375434757236228,0.54187656641604
4119,33,1,0.596741221741222,0.335487528344671
4119,33,2,0.363050856307435,0.459940476190476
4119,36,1,0.449141525409641,0.31281179138322
4119,36,2,0.353025793650794,0.387941683919945
4119,39,1,0.432517328350662,0.287705358823371
4119,39,2,0.284902597402597,0.375399877899878
4119,42,1,0.37029935750524,0.258081204509776
4119,42,2,0.278492340992341,0.353650793650794
4250,27,1,0.618944597069597,0.841346153846154
4250,27,2,0.527648567844646,0.4
4250,30,1,0.550396825396825,0.770833333333333
4250,30,2,0.480653759820427,0.294444444444444
4250,33,1,0.471309072871573,0.570833333333333
4250,33,2,0.436268522138087,0.25
4250,36,1,0.381821303696304,0.531150793650794
4250,36,2,0.436268522138087,0.25
4250,39,1,0.350216623654124,0.500520833333333
4250,39,2,0.389284789284789,0.22360248447205
4250,42,1,0.330224636474636,0.466666666666667
4250,42,2,0.364429089429089,0.19017094017094
4510,27,1,0.504250841750842,0.421031746031746
4510,27,2,0.476349206349206,0.586139455782313
4510,30,1,0.44785341972842,0.373115079365079
4510,30,2,0.417435064935065,0.456020377648667
4510,33,1,0.438383722758723,0.303670634920635
4510,33,2,0.382492784992785,0.453388798701299
4510,36,1,0.4155916999667,0.248406685906686
4510,36,2,0.373023088023088,0.394244991119991
4510,39,1,0.381554903429903,0.245159932659933
4510,39,2,0.341657509157509,0.359207112332112
4510,42,1,0.350923035298035,0.218759018759019
4510,42,2,0.299871933621934,0.356001984126984
5042,27,1,0.872619047619048,0.495238095238095
5042,27,2,0.641402116402116,0.484821428571429
5042,30,1,0.771645865505515,0.426528944911298
5042,30,2,0.527289915966387,0.472916666666667
5042,33,1,0.613384763384763,0.384681637806638
5042,33,2,0.482837301587302,0.387103174603175
5042,36,1,0.596441642093816,0.381110209235209
5042,36,2,0.462101515634124,0.328571428571429
5042,39,1,0.590644540644541,0.316467876929833
5042,39,2,0.439760378510379,0.298958333333333
5042,42,1,0.577946127946128,0.269422244422244
5042,42,2,0.434265873015873,0.254487179487179
5236,27,1,0.544270833333333,0.543584656084656
5236,27,2,0.559077380952381,0.563546918767507
5236,30,1,0.520833333333333,0.465784832451499
5236,30,2,0.509970238095238,0.555376984126984
5236,33,1,0.475669642857143,0.434132996632997
5236,33,2,0.436361737677527,0.42734126984127
5236,36,1,0.439867424242424,0.416624579124579
5236,36,2,0.370632665945166,0.416989302967564
5236,39,1,0.397443181818182,0.409048821548821
5236,39,2,0.346385770027074,0.388643023643024
5236,42,1,0.361378205128205,0.358016983016983
5236,42,2,0.286756993006993,0.371060606060606
6072,27,1,0.745238095238095,0.56875
6072,27,2,0.448214285714286,0.776276486671224
6072,30,1,0.725793650793651,0.461699703804967
6072,30,2,0.434488795518207,0.692070013320013
6072,33,1,0.590740740740741,0.436580086580087
6072,33,2,0.409763993316625,0.675267974778844
6072,36,1,0.56010101010101,0.399425423061787
6072,36,2,0.373445767195767,0.671282467532467
6072,39,1,0.555270092226614,0.371254671254671
6072,39,2,0.340791847041847,0.645380175380175
6072,42,1,0.551212121212121,0.355321689804448
6072,42,2,0.294307359307359,0.534773174200152
6534,27,1,0.646296296296296,0.574603174603174
6534,27,2,0.568578296703297,0.72037037037037
6534,30,1,0.491238717709306,0.552544351073763
6534,30,2,0.495188492063492,0.694226579520697
6534,33,1,0.377050264550264,0.527728174603174
6534,33,2,0.46157066993464,0.641840712893344
6534,36,1,0.336586099086099,0.411255411255411
6534,36,2,0.443923611111111,0.511038961038961
6534,39,1,0.301370851370851,0.339814814814815
6534,39,2,0.365365612648221,0.453174603174603
6534,42,1,0.293963443963444,0.286519961519961
6534,42,2,0.315397102897103,0.438888888888889
