"","x"
"1","Tcea1"
"2","Atp6v1h"
"3","Vcpip1"
"4","Ppp1r42"
"5","Cops5"
"6","Cspp1"
"7","Arfgef1"
"8","Tram1"
"9","Rpl7"
"10","Ly96"
"11","Smap1"
"12","Rab23"
"13","Zfp451"
"14","Arhgef4"
"15","Plekhb2"
"16","Uggt1"
"17","Kansl3"
"18","Mitd1"
"19","Mrpl30"
"20","Txndc9"
"21","Eif5b"
"22","Pdcl3"
"23","Rpl31"
"24","Tbc1d8"
"25","Map4k4"
"26","Il1r2"
"27","Il18r1"
"28","Nabp1"
"29","Stat4"
"30","Stat1"
"31","Nab1"
"32","Hibch"
"33","Ormdl1"
"34","Asnsd1"
"35","Coq10b"
"36","Ndufb3"
"37","Trak2"
"38","Stradb"
"39","Fam117b"
"40","Nbeal1"
"41","Gm20342"
"42","Klf7"
"43","Idh1"
"44","Pikfyve"
"45","Rpe"
"46","Acadl"
"47","Rpl37a"
"48","Rufy4"
"49","Pnkd"
"50","Catip"
"51","Slc11a1"
"52","Usp37"
"53","Bcs1l"
"54","Nhej1"
"55","Zfand2b"
"56","Ankzf1"
"57","Stk16"
"58","Tuba4a"
"59","Dnajb2"
"60","Ap1s3"
"61","Wdfy1"
"62","C130026I21Rik"
"63","A530032D15Rik"
"64","Sp110"
"65","Sp140"
"66","A630001G21Rik"
"67","Psmd1"
"68","Ptma"
"69","Atg16l1"
"70","Sag"
"71","Dgkd"
"72","Hjurp"
"73","Arl4c"
"74","Agap1"
"75","Cops8"
"76","Ube2f"
"77","Hes6"
"78","Per2"
"79","Ndufa10"
"80","Cops9"
"81","Gpc1"
"82","Gpr35"
"83","Ppp1r7"
"84","Hdlbp"
"85","Thap4"
"86","Ing5"
"87","St8sia4"
"88","Slco4c1"
"89","Panct2"
"90","Ppip5k2"
"91","Pam"
"92","Zcchc2"
"93","Tsn"
"94","Clasp1"
"95","Dbi"
"96","Rab3gap1"
"97","R3hdm1"
"98","Dars"
"99","Cxcr4"
"100","Cd55"
"101","Yod1"
"102","Mapkapk2"
"103","Ctse"
"104","Nucks1"
"105","Dstyk"
"106","Pik3c2b"
"107","Ppp1r15b"
"108","Snrpe"
"109","Btg2"
"110","Chil1"
"111","Klhl12"
"112","Rabif"
"113","Ptpn7"
"114","Rnpep"
"115","Zfp281"
"116","Gm19705"
"117","2310009B15Rik"
"118","Ro60"
"119","Rgs18"
"120","Pla2g4a"
"121","Ptgs2"
"122","Ptgs2os2"
"123","Odr4"
"124","Tpr"
"125","Gm10138"
"126","Ivns1abp"
"127","Swt1"
"128","Glul"
"129","Stx6"
"130","Acbd6"
"131","Qsox1"
"132","4930523C07Rik"
"133","Mrps14"
"134","Cacybp"
"135","Rabgap1l"
"136","Zbtb37"
"137","Cenpl"
"138","Prdx6"
"139","Suco"
"140","Selp"
"141","F5"
"142","Mpc2"
"143","Tmco1"
"144","Uap1"
"145","Gm7694"
"146","Nos1ap"
"147","Olfml2b"
"148","Fcgr2b"
"149","Usp21"
"150","Itln1"
"151","Cd244a"
"152","Cd48"
"153","Tagln2"
"154","Aim2"
"155","Adss"
"156","Cox20"
"157","Ahctf1"
"158","Psen2"
"159","Itpkb"
"160","Sde2"
"161","Tmem63a"
"162","Nvl"
"163","Degs1"
"164","1700047M11Rik"
"165","Aida"
"166","Gm37800"
"167","Hlx"
"168","Rps6kc1"
"169","Atf3"
"170","Ppp2r5a"
"171","Lpgat1"
"172","Rcor3"
"173","A130010J15Rik"
"174","Traf3ip3"
"175","Lamb3"
"176","Hsd11b1"
"177","G0s2"
"178","Dclre1c"
"179","Optn"
"180","Kin"
"181","Itih5"
"182","Sfmbt2"
"183","Pfkfb3"
"184","Fbh1"
"185","Rsu1"
"186","Vim"
"187","Nsun6"
"188","Arl5b"
"189","Dnajc1"
"190","Commd3"
"191","Armc3"
"192","Msrb2"
"193","Spopl"
"194","Il1f9"
"195","Il1rn"
"196","Ehmt1"
"197","Mrpl41"
"198","Tubb4b"
"199","Ssna1"
"200","Man1b1"
"201","Uap1l1"
"202","Agpat2"
"203","Rpl7a"
"204","Slc2a6"
"205","Brd3"
"206","Wdr5"
"207","Fcnb"
"208","F730016J06Rik"
"209","Ralgds"
"210","Ttf1"
"211","Coq4"
"212","Set"
"213","Zer1"
"214","Ptpa"
"215","Tor1b"
"216","Tor1a"
"217","1110008P14Rik"
"218","Lcn2"
"219","Ptges2"
"220","Rpl12"
"221","Mapkap1"
"222","Gapvd1"
"223","Hspa5"
"224","Psmd5"
"225","Traf1"
"226","Cntrl"
"227","Gsn"
"228","Ggta1"
"229","Dab2ip"
"230","Ndufa8"
"231","Gm13431"
"232","Ptgs1"
"233","Rabgap1"
"234","Strbp"
"235","Rpl35"
"236","Scai"
"237","Gtdc1"
"238","Zeb2"
"239","Mbd5"
"240","Mmadhc"
"241","Rbm43"
"242","Tnfaip6"
"243","Fmnl2"
"244","Prpf40a"
"245","Nr4a2"
"246","March7"
"247","Ly75"
"248","Tank"
"249","Psmd14"
"250","Ifih1"
"251","Gca"
"252","Stk39"
"253","Dhrs9"
"254","Ppig"
"255","Ssb"
"256","Tlk1"
"257","Dync1i2"
"258","Cdca7"
"259","Sp3os"
"260","Atp5g3"
"261","Lnpk"
"262","Nfe2l2"
"263","Agps"
"264","Rbm45"
"265","Prkra"
"266","Itga4"
"267","Dnajc10"
"268","Zc3h15"
"269","Itgav"
"270","Calcrl"
"271","Ube2l6"
"272","Olfr1033"
"273","Mtch2"
"274","Celf1"
"275","Psmc3"
"276","Madd"
"277","Acp2"
"278","Arhgap1"
"279","Prr5l"
"280","Caprin1"
"281","Lmo2"
"282","Eif3m"
"283","Immp1l"
"284","Lpcat4"
"285","Nop10"
"286","Emc4"
"287","Fam98b"
"288","Thbs1"
"289","Plcb2"
"290","Rhov"
"291","Vps18"
"292","Ino80"
"293","Rtf1"
"294","Mga"
"295","Vps39"
"296","Ganc"
"297","Haus2"
"298","Zscan29"
"299","Pdia3"
"300","Hypk"
"301","Ctdspl2"
"302","Eif3j1"
"303","Gm14085"
"304","Gatm"
"305","AA467197"
"306","Sqor"
"307","Secisbp2l"
"308","Cops2"
"309","Hdc"
"310","Gabpb1"
"311","Trpm7"
"312","Ciao1"
"313","Dusp2"
"314","Bcl2l11"
"315","Slc20a1"
"316","Il1a"
"317","Il1b"
"318","Il1bos"
"319","Tgm3"
"320","Snrpb"
"321","Ptpra"
"322","Atrn"
"323","1700037H04Rik"
"324","Cenpb"
"325","Rnf24"
"326","Smox"
"327","Slc23a2"
"328","Pcna"
"329","AU019990"
"330","Tmx4"
"331","Jag1"
"332","Snrpb2"
"333","Dstn"
"334","Rrbp1"
"335","Polr3f"
"336","Dtd1"
"337","Rin2"
"338","Crnkl1"
"339","Xrn2"
"340","Thbd"
"341","Cd93"
"342","Zfp120"
"343","Apmap"
"344","Fkbp1a"
"345","Fam110a"
"346","Srxn1"
"347","Csnk2a1"
"348","Id1"
"349","Bcl2l1"
"350","Plagl2"
"351","Commd7"
"352","Eif2s2"
"353","Dynlrb1"
"354","Map1lc3a"
"355","Trp53inp2"
"356","Acss2"
"357","Gss"
"358","BC029722"
"359","Cep250"
"360","Romo1"
"361","Phf20"
"362","Tgif2"
"363","Gm14286"
"364","Ctnnbl1"
"365","Rprd1b"
"366","Tgm2"
"367","Lbp"
"368","Top1"
"369","Ift52"
"370","2900093K20Rik"
"371","Ttpal"
"372","Ywhab"
"373","Pabpc1l"
"374","Mmp9"
"375","Zmynd8"
"376","Arfgef2"
"377","Stau1"
"378","Znfx1"
"379","Snai1"
"380","Cebpb"
"381","A530013C23Rik"
"382","Pfdn4"
"383","Cass4"
"384","Zbp1"
"385","Gnas"
"386","Ctsz"
"387","Sycp2"
"388","Cables2"
"389","Dido1"
"390","Slc17a9"
"391","Ppdpf"
"392","Helz2"
"393","Rgs19"
"394","Pex2"
"395","Mrps28"
"396","Fabp5"
"397","Impa1"
"398","Rbis"
"399","Armc1"
"400","Hltf"
"401","Gyg"
"402","Nceh1"
"403","Fndc3b"
"404","Rpl22l1"
"405","Gpr160"
"406","Phc3"
"407","Skil"
"408","Ndufb5"
"409","Ttc14"
"410","Fxr1"
"411","Dnajc19"
"412","Dcun1d1"
"413","Anxa5"
"414","Hspa4l"
"415","Abhd18"
"416","Larp1b"
"417","Jade1"
"418","Slc7a11"
"419","Gm6209"
"420","Noct"
"421","Ndufc1"
"422","Mgst2"
"423","Maml3"
"424","Commd2"
"425","Tsc22d2"
"426","Med12l"
"427","P2ry12"
"428","Mbnl1"
"429","Rap2b"
"430","Dhx36"
"431","Tiparp"
"432","Ccnl1"
"433","Schip1"
"434","Smc4"
"435","Golim4"
"436","Rapgef2"
"437","Fnip2"
"438","Etfdh"
"439","Tlr2"
"440","Mnd1"
"441","Rps3a1"
"442","Etv3"
"443","Hdgf"
"444","Mrpl24"
"445","Naxe"
"446","Pmf1"
"447","Lamtor2"
"448","Ssr2"
"449","Syt11"
"450","Rusc1"
"451","Slc50a1"
"452","Gm15417"
"453","Shc1"
"454","Pmvk"
"455","Ints3"
"456","Snapin"
"457","Chtop"
"458","S100a1"
"459","S100a13"
"460","S100a6"
"461","S100a7a"
"462","S100a10"
"463","Gm43774"
"464","Gabpb2"
"465","Prune1"
"466","Setdb1"
"467","Ctss"
"468","BC028528"
"469","Anp32e"
"470","Otud7b"
"471","Polr3c"
"472","Fmo5"
"473","Prkab2"
"474","Tent5c"
"475","Man1a2"
"476","Atp1a1"
"477","Tspan2"
"478","Trim33"
"479","Ptpn22"
"480","Rsbn1"
"481","Magi3"
"482","Gm42702"
"483","Rhoc"
"484","Mov10"
"485","Gm43329"
"486","Chil5"
"487","Chil3"
"488","2010016I18Rik"
"489","Lrif1"
"490","Strip1"
"491","Ahcyl1"
"492","Csf1"
"493","Sort1"
"494","Sars"
"495","Fam102b"
"496","Gm19391"
"497","Slc25a24"
"498","Rnpc3"
"499","A930005H10Rik"
"500","Slc30a7"
"501","Cdc14a"
"502","Sass6"
"503","Frrs1"
"504","Gclm"
"505","Dnttip2"
"506","1810037I17Rik"
"507","Usp53"
"508","Snhg8"
"509","Ugt8a"
"510","Larp7"
"511","Fam241a"
"512","Rpl34"
"513","Sgms2"
"514","Aimp1"
"515","Ints12"
"516","Tet2"
"517","Nfkb1"
"518","Gm31243"
"519","Bank1"
"520","H2afz"
"521","Dnajb14"
"522","Adh5"
"523","Gbp5"
"524","Gbp7"
"525","Gbp2b"
"526","Gbp2"
"527","Pkn2"
"528","Lmo4"
"529","Gm43445"
"530","Selenof"
"531","Spata1"
"532","Prkacb"
"533","Fubp1"
"534","Usp33"
"535","Zzz3"
"536","Pigk"
"537","Acadm"
"538","Zranb2"
"539","Wls"
"540","Tgs1"
"541","Rps20"
"542","Impad1"
"543","Car8"
"544","Chd7"
"545","Asph"
"546","Gm11827"
"547","Osgin2"
"548","Cpne3"
"549","Wwp1"
"550","Ggh"
"551","Manea"
"552","Casp8ap2"
"553","Mdn1"
"554","Lyrm2"
"555","Smim8"
"556","Zfp292"
"557","C9orf72"
"558","Topors"
"559","Smim27"
"560","Dnaja1"
"561","B4galt1"
"562","Ccl21a"
"563","Vcp"
"564","Rgp1"
"565","Reck"
"566","Zcchc7"
"567","Fbxo10"
"568","Tomm5"
"569","Ccdc180"
"570","Ncbp1"
"571","Anp32b"
"572","Nr4a3"
"573","Msantd3"
"574","Rnf20"
"575","Klf4"
"576","Gng10"
"577","Hsdl2"
"578","Slc31a2"
"579","Slc31a1"
"580","Orm1"
"581","Tmem268"
"582","Tlr4"
"583","Megf9"
"584","Tle1"
"585","Ttc39b"
"586","Snapc3"
"587","Rraga"
"588","Plin2"
"589","Rps6"
"590","Tusc1"
"591","Plaa"
"592","Mysm1"
"593","Jun"
"594","Nfia"
"595","Usp1"
"596","Gm12689"
"597","E130102H24Rik"
"598","Pde4b"
"599","Oma1"
"600","Magoh"
"601","Czib"
"602","Cpt2"
"603","Scp2"
"604","Cc2d1b"
"605","Txndc12"
"606","Cmpk1"
"607","Nasp"
"608","Akr1a1"
"609","Prdx1"
"610","Tesk2"
"611","Btbd19"
"612","Plk3"
"613","Rps8"
"614","Gm12840"
"615","Med8"
"616","Slc2a1"
"617","Ybx1"
"618","Zmpste24"
"619","Mycbp"
"620","Rragc"
"621","Utp11"
"622","Fhl3"
"623","Sf3a3"
"624","Inpp5b"
"625","Mtf1"
"626","Zc3h12a"
"627","Oscp1"
"628","Eva1b"
"629","Thrap3"
"630","AU040320"
"631","Sfpq"
"632","Ak2"
"633","Rnf19b"
"634","Marcksl1"
"635","Eif3i"
"636","Tinagl1"
"637","Zcchc17"
"638","Snrnp40"
"639","Pum1"
"640","Ythdf2"
"641","Snhg3"
"642","Atpif1"
"643","Ptafr"
"644","Fam76a"
"645","Sytl1"
"646","Nudc"
"647","Rps6ka1"
"648","Hmgn2"
"649","Lin28a"
"650","Cd52"
"651","Sh3bgrl3"
"652","Paqr7"
"653","Selenon"
"654","Man1c1"
"655","Runx3"
"656","Clic4"
"657","Ifnlr1"
"658","Rpl11"
"659","Hnrnpr"
"660","Kdm1a"
"661","Otud3"
"662","Mrto4"
"663","Padi4"
"664","Fbxo42"
"665","Plekhm2"
"666","Ddi2"
"667","Efhd2"
"668","Dhrs3"
"669","Tnfrsf1b"
"670","Mfn2"
"671","Agtrap"
"672","Exosc10"
"673","Ctnnbip1"
"674","Slc25a33"
"675","Gm13073"
"676","H6pd"
"677","Eno1"
"678","Errfi1"
"679","Camta1"
"680","Acot7"
"681","Rpl22"
"682","Kcnab2"
"683","Tnfrsf14"
"684","Faap20"
"685","Cdk11b"
"686","Cptp"
"687","Ints11"
"688","Acap3"
"689","C1qtnf12"
"690","Isg15"
"691","AW011738"
"692","Plekhn1"
"693","Samd11"
"694","Cdk6"
"695","Fam133b"
"696","Gatad1"
"697","Ankib1"
"698","Krit1"
"699","Akap9"
"700","Steap4"
"701","Sri"
"702","Hgf"
"703","Tmem60"
"704","Rsbn1l"
"705","A630072M18Rik"
"706","Ccdc146"
"707","Fgl2"
"708","Pmpcb"
"709","Dnajc2"
"710","Psmc2"
"711","Cdk5"
"712","Tmub1"
"713","Rheb"
"714","Galnt11"
"715","1700096K18Rik"
"716","Ube3c"
"717","Dnajb6"
"718","Hadhb"
"719","Cenpa"
"720","Krtcap3"
"721","Gm43660"
"722","AI839979"
"723","Fosl2"
"724","Ctbp1"
"725","Uvssa"
"726","Letm1"
"727","Nsd2"
"728","Gm1673"
"729","Mxd4"
"730","Fam193a"
"731","D5Ertd579e"
"732","Lyar"
"733","Rab28"
"734","Bod1l"
"735","Fbxl5"
"736","Prom1"
"737","Lcorl"
"738","Dhx15"
"739","Pi4k2b"
"740","Anapc4"
"741","Rbpj"
"742","Stim2"
"743","Rfc1"
"744","Rpl9"
"745","Lias"
"746","Ugdh"
"747","Smim14"
"748","Pds5a"
"749","N4bp2"
"750","Rhoh"
"751","9130230L23Rik"
"752","Tmem33"
"753","Bend4"
"754","Gm26756"
"755","Tec"
"756","Usp46"
"757","Fip1l1"
"758","Tmem165"
"759","Srp72"
"760","Hopx"
"761","Rest"
"762","Polr2b"
"763","Stap1"
"764","Uba6"
"765","Utp3"
"766","Grsf1"
"767","Ankrd17"
"768","Pf4"
"769","Cxcl3"
"770","Cxcl1"
"771","Cxcl2"
"772","Mrpl1"
"773","Anxa3"
"774","Rasgef1b"
"775","Hnrnpd"
"776","Lin54"
"777","Plac8"
"778","Coq2"
"779","Mrps18c"
"780","Gpat3"
"781","Spp1"
"782","BC005561"
"783","Abcg3"
"784","Zfp326"
"785","Zfp644"
"786","Evi5"
"787","Rpl5"
"788","Dipk1a"
"789","Mtf2"
"790","Tmed5"
"791","Atp5k"
"792","Golga3"
"793","Tfip11"
"794","Srrd"
"795","Ssh1"
"796","Kctd10"
"797","Oasl2"
"798","Gm13822"
"799","Oasl1"
"800","Mlec"
"801","Rnf10"
"802","Dynll1"
"803","Rplp0"
"804","Gcn1"
"805","Prkab1"
"806","Vsig10"
"807","Tesc"
"808","Slc8b1"
"809","Oas2"
"810","Oas3"
"811","Oas1c"
"812","Oas1a"
"813","Ptpn11"
"814","Rpl6"
"815","Trafd1"
"816","Aldh2"
"817","Acad12"
"818","Atxn2"
"819","Myl2"
"820","Ccdc63"
"821","Hvcn1"
"822","Gpn3"
"823","Gm42829"
"824","Atp2a2"
"825","P2rx4"
"826","Camkk2"
"827","Anapc5"
"828","Psmd9"
"829","Mlxip"
"830","Gm43813"
"831","Hcar2"
"832","Denr"
"833","Hip1r"
"834","Vps37b"
"835","Arl6ip4"
"836","Sbno1"
"837","Kmt5a"
"838","Rilpl2"
"839","Atp6v0a2"
"840","Slc15a4"
"841","Ran"
"842","Mrps17"
"843","Cct6a"
"844","Asl"
"845","Crcp"
"846","Rabgef1"
"847","Ncf1"
"848","Rfc2"
"849","Bcl7b"
"850","Baz1b"
"851","Pom121"
"852","Rhbdd2"
"853","Ssc4d"
"854","Prkrip1"
"855","Sh2b2"
"856","Cldn15"
"857","Znhit1"
"858","Srrt"
"859","Pop7"
"860","Mospd3"
"861","Gm36551"
"862","Lamtor4"
"863","6330418K02Rik"
"864","Sun1"
"865","3110082I17Rik"
"866","Zfand2a"
"867","Mafk"
"868","Chst12"
"869","Amz1"
"870","Fbxl18"
"871","Kdelr2"
"872","Lmtk2"
"873","Tecpr1"
"874","Trrap"
"875","Pdap1"
"876","Cpsf4"
"877","Zkscan14"
"878","Pomp"
"879","Samd9l"
"880","Gng11"
"881","Bet1"
"882","Pon2"
"883","Sem1"
"884","Asns"
"885","Rpa3"
"886","Glcci1"
"887","Ica1"
"888","Ndufa4"
"889","Phf14"
"890","Tes"
"891","Gm20186"
"892","Lsm8"
"893","Ing3"
"894","Ndufa5"
"895","Pot1a"
"896","Zfp800"
"897","Rbm28"
"898","Hilpda"
"899","Ahcyl2"
"900","Chchd3"
"901","Tmem140"
"902","Cyren"
"903","Cnot4"
"904","Ubn2"
"905","Fmc1"
"906","Hipk2"
"907","Adck2"
"908","Ndufb2"
"909","Mrps33"
"910","E330009J07Rik"
"911","Ssbp1"
"912","Clec5a"
"913","Zfp467"
"914","Gimap9"
"915","Malsu1"
"916","Tra2a"
"917","Ccdc126"
"918","Mpp6"
"919","Cycs"
"920","Cbx3"
"921","Hibadh"
"922","Nod1"
"923","Ggct"
"924","Lsm5"
"925","Nt5c3"
"926","Herc6"
"927","Tigd2"
"928","Serbp1"
"929","Rpia"
"930","Kdm3a"
"931","Immt"
"932","Polr1a"
"933","St3gal5"
"934","Sftpb"
"935","Usp39"
"936","0610030E20Rik"
"937","Vamp5"
"938","Mat2a"
"939","Capg"
"940","Tgoln1"
"941","Tmsb10"
"942","Suclg1"
"943","Mrpl19"
"944","Pole4"
"945","Hk2"
"946","Gm38843"
"947","Sema4f"
"948","Mrpl53"
"949","Ino80b"
"950","Mthfd2"
"951","Tet3"
"952","Stambp"
"953","Tex261"
"954","Snrpg"
"955","Pcyox1"
"956","Tia1"
"957","C87436"
"958","Asprv1"
"959","Aak1"
"960","Nfu1"
"961","Gfpt1"
"962","Rab43"
"963","Isy1"
"964","Hmces"
"965","Rab7"
"966","Rpn1"
"967","Mgll"
"968","Chst13"
"969","Slc41a3"
"970","Xpc"
"971","Ccdc174"
"972","Nr2c2"
"973","Mitf"
"974","Foxp1"
"975","Eif4e3"
"976","Gpr27"
"977","Prok2"
"978","Trnt1"
"979","Crbn"
"980","Bhlhe40"
"981","Gt(ROSA)26Sor"
"982","Setd5"
"983","Brpf1"
"984","Camk1"
"985","Irak2"
"986","Tatdn2"
"987","Sec13"
"988","Tmem40"
"989","Rpl32"
"990","March8"
"991","Bms1"
"992","Wnk1"
"993","Bcl2l13"
"994","Usp18"
"995","Slc6a13"
"996","M6pr"
"997","Clec4a3"
"998","Clec4a2"
"999","Clec4n"
"1000","Clec4d"
"1001","Clec4e"
"1002","C1rl"
"1003","Phb2"
"1004","Tpi1"
"1005","Usp5"
"1006","Gapdh"
"1007","Mrpl51"
"1008","Scnn1a"
"1009","Ccnd2"
"1010","Cd69"
"1011","Clec12a"
"1012","Olr1"
"1013","Smim10l1"
"1014","Borcs5"
"1015","Dusp16"
"1016","2810454H06Rik"
"1017","Hebp1"
"1018","Fam234b"
"1019","Plbd1"
"1020","Arhgdib"
"1021","Cmas"
"1022","C2cd5"
"1023","Etnk1"
"1024","Lrmp"
"1025","Casc1"
"1026","Ints13"
"1027","Med21"
"1028","Mrps35"
"1029","Klhl42"
"1030","Etfbkmt"
"1031","Amn1"
"1032","Resf1"
"1033","Tarm1"
"1034","Leng1"
"1035","Lair1"
"1036","Tnnt1"
"1037","Rpl28"
"1038","Zfp524"
"1039","Zfp865"
"1040","Rps5"
"1041","Selenow"
"1042","Nop53"
"1043","Ccdc9"
"1044","Zc3h4"
"1045","Tmem160"
"1046","Ap2s1"
"1047","Fkrp"
"1048","Ptgir"
"1049","Pglyrp1"
"1050","Irf2bp1"
"1051","Snrpd2"
"1052","Eml2"
"1053","Opa3"
"1054","Fosb"
"1055","Trappc6a"
"1056","Clasrp"
"1057","Relb"
"1058","Apoc2"
"1059","Apoe"
"1060","Bcl3"
"1061","Gm16174"
"1062","Smg9"
"1063","Plaur"
"1064","Ethe1"
"1065","Cd177"
"1066","Ceacam10"
"1067","Rps19"
"1068","Pou2f2"
"1069","Ceacam1"
"1070","Exosc5"
"1071","Coq8b"
"1072","Blvrb"
"1073","Eid2b"
"1074","Med29"
"1075","Paf1"
"1076","Nfkbib"
"1077","Rinl"
"1078","Ech1"
"1079","Lgals4"
"1080","Eif3k"
"1081","Spint2"
"1082","Capns1"
"1083","Tbcb"
"1084","Polr2i"
"1085","Sdhaf1"
"1086","Nfkbid"
"1087","Lin37"
"1088","U2af1l4"
"1089","Dmkn"
"1090","Ffar2"
"1091","Pdcd2l"
"1092","Gpi1"
"1093","4931406P16Rik"
"1094","Cebpa"
"1095","Pdcd5"
"1096","Pop4"
"1097","Gm37494"
"1098","AI987944"
"1099","Zfp141"
"1100","Siglecf"
"1101","Siglecg"
"1102","Etfb"
"1103","Vsig10l"
"1104","Emc10"
"1105","Napsa"
"1106","Akt1s1"
"1107","Pnkp"
"1108","Med25"
"1109","Rps11"
"1110","Pih1d1"
"1111","Gys1"
"1112","Ppp1r15a"
"1113","Rasip1"
"1114","Rpl18"
"1115","Emp3"
"1116","Gtf2h1"
"1117","Ldha"
"1118","Spty2d1"
"1119","Gm32031"
"1120","Mrgpra2a"
"1121","Mrgpra2b"
"1122","Svip"
"1123","Cyfip1"
"1124","Herc2"
"1125","Ube3a"
"1126","Mphosph10"
"1127","Mcee"
"1128","Tm2d3"
"1129","Selenos"
"1130","Lins1"
"1131","Arrdc4"
"1132","Gm44689"
"1133","Chd2"
"1134","Slco3a1"
"1135","Klhl25"
"1136","Isg20"
"1137","Pde8a"
"1138","Rps17"
"1139","Whamm"
"1140","Tlnrd1"
"1141","Ctsc"
"1142","Hikeshi"
"1143","E230029C05Rik"
"1144","4632427E13Rik"
"1145","Prcp"
"1146","Nars2"
"1147","Ndufc2"
"1148","Rsf1"
"1149","Clns1a"
"1150","Pak1"
"1151","Acer3"
"1152","Emsy"
"1153","Dgat2"
"1154","Rps3"
"1155","Spcs2"
"1156","Mrpl48"
"1157","Atg16l2"
"1158","Stard10"
"1159","Pde2a"
"1160","Il18bp"
"1161","Rnf121"
"1162","Nup98"
"1163","Stim1"
"1164","Hbb-bs"
"1165","Trim30a"
"1166","Eif3f"
"1167","Lmo1"
"1168","Tmem41b"
"1169","Swap70"
"1170","Rnf141"
"1171","Ctr9"
"1172","1110004F10Rik"
"1173","Nucb2"
"1174","Rps15a"
"1175","Coq7"
"1176","Knop1"
"1177","Mettl9"
"1178","Nsmce1"
"1179","Il4ra"
"1180","Gtf3c1"
"1181","D430042O09Rik"
"1182","Eif3c"
"1183","Bola2"
"1184","Gdpd3"
"1185","Aldoa"
"1186","Spn"
"1187","Sept1"
"1188","Dctpp1"
"1189","Srcap"
"1190","Ccdc189"
"1191","Zfp646"
"1192","Pycard"
"1193","Itgam"
"1194","Itgax"
"1195","Ate1"
"1196","Ikzf5"
"1197","Oat"
"1198","Fam53b"
"1199","Abraxas2"
"1200","Zranb1"
"1201","Ctbp2"
"1202","5830432E09Rik"
"1203","6430531B16Rik"
"1204","Echs1"
"1205","Ifitm5"
"1206","Ifitm2"
"1207","Ifitm1"
"1208","Ifitm3"
"1209","Ifitm6"
"1210","Irf7"
"1211","Cd151"
"1212","Ap2a2"
"1213","Ifitm10"
"1214","Tnni2"
"1215","Ascl2"
"1216","Tspan32"
"1217","Cd81"
"1218","Nap1l4"
"1219","E230032D23Rik"
"1220","Tnfrsf23"
"1221","Ppfia1"
"1222","Retn"
"1223","Gm39121"
"1224","Arglu1"
"1225","Tnfsf13b"
"1226","Irs2"
"1227","Rab20"
"1228","E230013L22Rik"
"1229","Gm33326"
"1230","Tmco3"
"1231","Tfdp1"
"1232","Upf3a"
"1233","Erich1"
"1234","Agpat5"
"1235","Gpat4"
"1236","Plekha2"
"1237","5830408C22Rik"
"1238","Letm2"
"1239","D830025C05Rik"
"1240","Ddhd2"
"1241","Rnf170"
"1242","Thap1"
"1243","Zfp703"
"1244","Plpbp"
"1245","Nrg1"
"1246","Wrn"
"1247","Tex15"
"1248","Ppp2cb"
"1249","Ubxn8"
"1250","Gsr"
"1251","Gtf2e2"
"1252","Dctn6"
"1253","Ppp1r3b"
"1254","Cnot7"
"1255","Vps37a"
"1256","B430010I23Rik"
"1257","Pcm1"
"1258","Ufsp2"
"1259","Cfap97"
"1260","Acsl1"
"1261","Ing2"
"1262","Spcs3"
"1263","Scrg1"
"1264","Sap30"
"1265","Hmgb2"
"1266","Galnt7"
"1267","Hpf1"
"1268","Clcn3"
"1269","Ddx60"
"1270","Msmo1"
"1271","Lpl"
"1272","Zfp868"
"1273","Ndufa13"
"1274","Borcs8"
"1275","Rex1bd"
"1276","Ssbp4"
"1277","Lsm4"
"1278","Jund"
"1279","Ifi30"
"1280","Haus8"
"1281","Babam1"
"1282","Bst2"
"1283","Pgls"
"1284","Colgalt1"
"1285","Olfr373"
"1286","Eps15l1"
"1287","Tmem38a"
"1288","Tom1"
"1289","Hmox1"
"1290","Prmt9"
"1291","Ednra"
"1292","Lsm6"
"1293","Smarca5"
"1294","Usp38"
"1295","Zfp330"
"1296","Elmod2"
"1297","Ndufb7"
"1298","Tecr"
"1299","Gipc1"
"1300","Ddx39"
"1301","Gm26532"
"1302","Zswim4"
"1303","Nfix"
"1304","Lyl1"
"1305","Junb"
"1306","Itfg1"
"1307","Phkb"
"1308","Tent4b"
"1309","Adcy7"
"1310","Brd7"
"1311","Chd9"
"1312","Aktip"
"1313","Ces1d"
"1314","Mt1"
"1315","Cpne2"
"1316","Arl2bp"
"1317","Ciapin1"
"1318","Adgrg3"
"1319","Csnk2a2"
"1320","Cklf"
"1321","Ciao2b"
"1322","Acd"
"1323","Pla2g15"
"1324","Slc7a6os"
"1325","Psmd7"
"1326","Zfhx3"
"1327","Sf3b3"
"1328","St3gal2"
"1329","Cfdp1"
"1330","Terf2ip"
"1331","Nudt7"
"1332","Cmc2"
"1333","Hsd17b2"
"1334","Klhl36"
"1335","Crispld2"
"1336","6430548M08Rik"
"1337","Klhdc4"
"1338","Zc3h18"
"1339","Cyba"
"1340","Rnf166"
"1341","Aprt"
"1342","Galns"
"1343","Trappc2l"
"1344","2810013P06Rik"
"1345","Spg7"
"1346","Rpl13"
"1347","Def8"
"1348","Afg3l1"
"1349","Rhou"
"1350","Ttc13"
"1351","Exoc8"
"1352","Coa6"
"1353","Irf2bp2"
"1354","Tomm20"
"1355","Rbm34"
"1356","Nrp1"
"1357","Itgb1"
"1358","Cwf19l2"
"1359","Casp4"
"1360","Dcun1d5"
"1361","Mmp8"
"1362","Birc2"
"1363","Birc3"
"1364","Cep57"
"1365","4931406C07Rik"
"1366","Taf1d"
"1367","Chordc1"
"1368","Zfp26"
"1369","Zfp426"
"1370","Dnmt1"
"1371","S1pr2"
"1372","Icam1"
"1373","Keap1"
"1374","Kri1"
"1375","Ilf3"
"1376","Smarca4"
"1377","Ldlr"
"1378","Rab3d"
"1379","Tmem205"
"1380","Elof1"
"1381","Pigyl"
"1382","9530077C05Rik"
"1383","Acad8"
"1384","Prdm10"
"1385","Ets1"
"1386","Ddx25"
"1387","Ei24"
"1388","Slc37a2"
"1389","Nrgn"
"1390","Tbrg1"
"1391","Sc5d"
"1392","Tbcel"
"1393","Usp2"
"1394","Nlrx1"
"1395","Ccdc84"
"1396","Gm47230"
"1397","Kmt2a"
"1398","Cd3g"
"1399","Cd3d"
"1400","Mpzl3"
"1401","Il10ra"
"1402","Cep164"
"1403","Gm16536"
"1404","Bud13"
"1405","Gm5617"
"1406","Zbtb16"
"1407","Drd2"
"1408","Ncam1"
"1409","Il18"
"1410","Nkapd1"
"1411","Sik2"
"1412","Rdx"
"1413","Acat1"
"1414","Cib2"
"1415","Wdr61"
"1416","Fbxo22"
"1417","Etfa"
"1418","Scaper"
"1419","Peak1"
"1420","Ptpn9"
"1421","Commd4"
"1422","1700017B05Rik"
"1423","Cox5a"
"1424","Scamp2"
"1425","Sema7a"
"1426","Adpgk"
"1427","Myo9a"
"1428","2300009A05Rik"
"1429","Rpl4"
"1430","Snapc5"
"1431","Dennd4a"
"1432","Clpx"
"1433","Pdcd7"
"1434","Trip4"
"1435","Ppib"
"1436","Snx1"
"1437","Ciao2a"
"1438","Dapk2"
"1439","Aph1b"
"1440","Aph1c"
"1441","Rps27l"
"1442","Lactb"
"1443","Sltm"
"1444","Polr2m"
"1445","Rfx7"
"1446","Nedd4"
"1447","Ccpg1os"
"1448","2310009A05Rik"
"1449","Myo5a"
"1450","Mapk6"
"1451","Elovl5"
"1452","Fbxo9"
"1453","Eef1a1"
"1454","Phip"
"1455","Tent5a"
"1456","Ibtk"
"1457","Dop1a"
"1458","Cyb5r4"
"1459","Nt5e"
"1460","Bcl2a1d"
"1461","Gm2396"
"1462","Bcl2a1a"
"1463","Bcl2a1b"
"1464","Tmed3"
"1465","Ctsh"
"1466","Plscr1"
"1467","U2surp"
"1468","Xrn1"
"1469","Gk5"
"1470","Atp1b3"
"1471","Rnf7"
"1472","Rasa2"
"1473","Zbtb38"
"1474","Pxylp1"
"1475","Slc25a36"
"1476","Armc8"
"1477","Nck1"
"1478","Stag1"
"1479","Anapc13"
"1480","Trf"
"1481","Cdv3"
"1482","Uba5"
"1483","Acad11"
"1484","Dnajc13"
"1485","Acpp"
"1486","Ppm1m"
"1487","Twf2"
"1488","Alas1"
"1489","Rpl29"
"1490","Parp3"
"1491","Manf"
"1492","Rbm15b"
"1493","Mapkapk3"
"1494","Rassf1"
"1495","Impdh2"
"1496","Ndufaf3"
"1497","Arih2"
"1498","Slc25a20"
"1499","Camp"
"1500","Ngp"
"1501","Ltf"
"1502","Ccrl2"
"1503","Epm2aip1"
"1504","Golga4"
"1505","Ctdspl"
"1506","Csrnp1"
"1507","1700019L13Rik"
"1508","Rpsa"
"1509","Eif1b"
"1510","Entpd3"
"1511","Rpl14"
"1512","Gm39459"
"1513","Ctnnb1"
"1514","Ulk4"
"1515","Sec22c"
"1516","Ss18l2"
"1517","Nktr"
"1518","Higd1a"
"1519","Ano10"
"1520","Gm26797"
"1521","Abhd5"
"1522","Zfp445"
"1523","1110059G10Rik"
"1524","Tmem42"
"1525","Zdhhc3"
"1526","Lars2"
"1527","Fyco1"
"1528","Ccr3"
"1529","Armt1"
"1530","Syne1"
"1531","Pcmt1"
"1532","Zc3h12d"
"1533","Stxbp5"
"1534","Grm1"
"1535","Fbxo30"
"1536","B230208H11Rik"
"1537","Stx11"
"1538","Phactr2"
"1539","Cited2"
"1540","Abracl"
"1541","Ccdc28a"
"1542","Tnfaip3"
"1543","Bclaf1"
"1544","Ahi1"
"1545","Myb"
"1546","Vnn3"
"1547","Akap7"
"1548","Epb41l2"
"1549","L3mbtl3"
"1550","Hint3"
"1551","Zup1"
"1552","Rwdd1"
"1553","Nt5dc1"
"1554","Rev3l"
"1555","Gtf3c6"
"1556","Amd1"
"1557","Cdc40"
"1558","Cd164"
"1559","Sec63"
"1560","Cd24a"
"1561","Rtn4ip1"
"1562","Prdm1"
"1563","Ascc3"
"1564","Gm46224"
"1565","Gopc"
"1566","Nus1"
"1567","Cep85l"
"1568","Gm47644"
"1569","Smpdl3a"
"1570","Gcc2"
"1571","Lims1"
"1572","Ranbp2"
"1573","P4ha1"
"1574","Mcu"
"1575","Micu1"
"1576","Anapc16"
"1577","Gm17455"
"1578","Hk1"
"1579","Srgn"
"1580","Ddx50"
"1581","Ccar1"
"1582","1110002J07Rik"
"1583","Egr2"
"1584","Arid5b"
"1585","Ube2d1"
"1586","Ipmk"
"1587","Zwint"
"1588","Bcr"
"1589","Snrpd3"
"1590","Mif"
"1591","Pofut2"
"1592","Sumo3"
"1593","Ube2g2"
"1594","Pfkl"
"1595","Trappc10"
"1596","Rrp1"
"1597","Cstb"
"1598","Ptbp1"
"1599","R3hdm4"
"1600","Arid3a"
"1601","Cnn2"
"1602","Atp5d"
"1603","Rps15"
"1604","Mbd3"
"1605","Rexo1"
"1606","Dot1l"
"1607","Timm13"
"1608","Gadd45b"
"1609","Zbtb7a"
"1610","Pias4"
"1611","Mrpl54"
"1612","Hmg20b"
"1613","Nfic"
"1614","S1pr4"
"1615","Gna15"
"1616","Nfyb"
"1617","Txnrd1"
"1618","E230014E18Rik"
"1619","Ckap4"
"1620","Platr7"
"1621","Tcp11l2"
"1622","Pwp1"
"1623","Hsp90b1"
"1624","Washc3"
"1625","Uhrf1bp1l"
"1626","Slc25a3"
"1627","Lta4h"
"1628","Hal"
"1629","Snrpf"
"1630","Metap2"
"1631","Ndufa12"
"1632","Cep83"
"1633","Plxnc1"
"1634","Gm47708"
"1635","4732465J04Rik"
"1636","Eea1"
"1637","Atp2b1"
"1638","Dusp6"
"1639","Ccdc59"
"1640","Csrp2"
"1641","Osbpl8"
"1642","Nap1l1"
"1643","Phlda1"
"1644","Cct2"
"1645","Yeats4"
"1646","Lyz2"
"1647","Mdm1"
"1648","Dyrk2"
"1649","Llph"
"1650","Gns"
"1651","BC048403"
"1652","Ppm1h"
"1653","Usp15"
"1654","Ddit3"
"1655","Naca"
"1656","Stat2"
"1657","Il23a"
"1658","Cnpy2"
"1659","Smarcc2"
"1660","Myl6"
"1661","Esyt1"
"1662","Rps26"
"1663","Cdk2"
"1664","Sarnp"
"1665","Cd63"
"1666","Sfi1"
"1667","Castor1"
"1668","Osm"
"1669","Zmat5"
"1670","Xbp1"
"1671","Dbnl"
"1672","Ogdh"
"1673","Ppia"
"1674","Myo1g"
"1675","Tns3"
"1676","Upp1"
"1677","Abca13"
"1678","Ikzf1"
"1679","Sec61g"
"1680","Plek"
"1681","Sertad2"
"1682","Mdh1"
"1683","B3gnt2"
"1684","Commd1"
"1685","Cct4"
"1686","Pex13"
"1687","Rel"
"1688","Papolg"
"1689","Bcl11a"
"1690","Vrk2"
"1691","Cfap36"
"1692","Sptbn1"
"1693","Hba-a1"
"1694","Npm1"
"1695","Pank3"
"1696","Rars"
"1697","Mat2b"
"1698","Ccng1"
"1699","Pttg1"
"1700","Clint1"
"1701","Cyfip2"
"1702","Fam71b"
"1703","Med7"
"1704","Rack1"
"1705","Irgm1"
"1706","Ifi47"
"1707","Cnot6"
"1708","Tbc1d9b"
"1709","Sqstm1"
"1710","Canx"
"1711","Rufy1"
"1712","Hnrnpab"
"1713","Sec24a"
"1714","Skp1a"
"1715","Vdac1"
"1716","Hspa4"
"1717","Aff4"
"1718","Irf1"
"1719","Rapgef6"
"1720","Hint1"
"1721","Anxa6"
"1722","Gm2a"
"1723","Slc36a3os"
"1724","G3bp1"
"1725","Igtp"
"1726","Irgm2"
"1727","4930438A08Rik"
"1728","Zfp672"
"1729","2310033P09Rik"
"1730","Nlrp3"
"1731","Cops3"
"1732","Mapk7"
"1733","Grap"
"1734","Specc1"
"1735","Trim16"
"1736","Gas7"
"1737","Stx8"
"1738","Ndel1"
"1739","Rpl26"
"1740","Ctc1"
"1741","Per1"
"1742","Naa38"
"1743","Tmem88"
"1744","Kdm6b"
"1745","Trp53"
"1746","Eif4a1"
"1747","Tmem256"
"1748","Plscr3"
"1749","0610010K14Rik"
"1750","Arrb2"
"1751","Med11"
"1752","Psmb6"
"1753","Pfn1"
"1754","Rabep1"
"1755","Txndc17"
"1756","Med31"
"1757","Xaf1"
"1758","Atp2a3"
"1759","Ncbp3"
"1760","Emc6"
"1761","Ctns"
"1762","Mir22hg"
"1763","Slc43a2"
"1764","Myo1c"
"1765","Ywhae"
"1766","Rflnb"
"1767","Vps53"
"1768","Nxn"
"1769","Nsrp1"
"1770","Myo18a"
"1771","Flot2"
"1772","Fam222b"
"1773","Rpl23a"
"1774","Unc119"
"1775","Ift20"
"1776","Nlk"
"1777","Suz12"
"1778","Cdk5r1"
"1779","Zfp830"
"1780","Slfn5"
"1781","Slfn8"
"1782","Gm20234"
"1783","Slfn4"
"1784","AI662270"
"1785","1700020L24Rik"
"1786","Ccl6"
"1787","Ccl3"
"1788","Ccl4"
"1789","Wfdc17"
"1790","Wfdc21"
"1791","Heatr6"
"1792","Ddx52"
"1793","Synrg"
"1794","Aatf"
"1795","Lhx1"
"1796","Dhrs11"
"1797","Rnft1"
"1798","Rps6kb1"
"1799","Vmp1"
"1800","Dhx40"
"1801","Dynll2"
"1802","Mmd"
"1803","Mbtd1"
"1804","Nme1"
"1805","Spag9"
"1806","Tob1"
"1807","Luc7l3"
"1808","Ankrd40"
"1809","Mrpl27"
"1810","Fam117a"
"1811","Gngt2"
"1812","Atp5g1"
"1813","Hoxb4"
"1814","Snx11"
"1815","Cbx1"
"1816","D030028A08Rik"
"1817","Pnpo"
"1818","Osbpl7"
"1819","Tbkbp1"
"1820","Npepps"
"1821","Mrpl45"
"1822","Psmb3"
"1823","Pip4k2b"
"1824","Cwc25"
"1825","Lasp1"
"1826","Rpl19"
"1827","Csf3"
"1828","Smarce1"
"1829","Jup"
"1830","Acly"
"1831","Mlx"
"1832","Rpl27"
"1833","Ifi35"
"1834","Dhx8"
"1835","Lsm12"
"1836","Slc25a39"
"1837","Grn"
"1838","Gpatch8"
"1839","Nmt1"
"1840","Nsf"
"1841","Arf2"
"1842","Cdc27"
"1843","Itgb3"
"1844","Dcaf7"
"1845","Taco1os"
"1846","Ccdc47"
"1847","Psmc5"
"1848","Milr1"
"1849","Cep95"
"1850","Pitpnc1"
"1851","Gm11713"
"1852","Gm11714"
"1853","Psmd12"
"1854","Helz"
"1855","Amz2"
"1856","Arsg"
"1857","Wipi1"
"1858","Slc39a11"
"1859","Cdc42ep4"
"1860","Rpl38"
"1861","Cd300ld"
"1862","Rab37"
"1863","Atp5h"
"1864","Sumo2"
"1865","H3f3b"
"1866","Acox1"
"1867","Ten1"
"1868","Mettl23"
"1869","Srsf2"
"1870","Mfsd11"
"1871","Tmc8"
"1872","Syngr2"
"1873","Socs3"
"1874","Cyth1"
"1875","Timp2"
"1876","Slc26a11"
"1877","Rnf213"
"1878","Ndufaf8"
"1879","Nploc4"
"1880","P4hb"
"1881","Alyref"
"1882","Mafg"
"1883","Cenpx"
"1884","Slc16a3"
"1885","Metrnl"
"1886","Asxl2"
"1887","Dtnb"
"1888","Ptrhd1"
"1889","Ubxn2a"
"1890","Rhob"
"1891","Ttc32"
"1892","Smc6"
"1893","Fam49a"
"1894","Rock2"
"1895","Nol10"
"1896","Odc1"
"1897","Iah1"
"1898","Id2"
"1899","Gm36723"
"1900","Rsad2"
"1901","Cmpk2"
"1902","Rps7"
"1903","Acp1"
"1904","Cbll1"
"1905","Nampt"
"1906","Twistnb"
"1907","Gm17056"
"1908","Ifrd1"
"1909","Dnajb9"
"1910","Pnpla8"
"1911","Heatr5a"
"1912","Egln3"
"1913","Sptssa"
"1914","Baz1a"
"1915","Nfkbia"
"1916","Trappc6b"
"1917","Pnn"
"1918","Fbxo33"
"1919","Rpl36al"
"1920","Mgat2"
"1921","Nemf"
"1922","Nin"
"1923","Jkamp"
"1924","Prkch"
"1925","Hif1a"
"1926","Snapc1"
"1927","Ppp2r5e"
"1928","Syne2"
"1929","Zbtb1"
"1930","AI463170"
"1931","Churc1"
"1932","Atp6v1d"
"1933","Eif2s1"
"1934","Rdh11"
"1935","Rdh12"
"1936","Zfyve26"
"1937","Zfp36l1"
"1938","Actn1"
"1939","Erh"
"1940","Cox16"
"1941","Synj2bp"
"1942","Map3k9"
"1943","Pcnx"
"1944","Riox1"
"1945","Acot1"
"1946","Elmsan1"
"1947","Ptgr2"
"1948","Isca2"
"1949","Ylpm1"
"1950","Fos"
"1951","Jdp2"
"1952","Batf"
"1953","Irf2bpl"
"1954","Tmed8"
"1955","Snw1"
"1956","Galc"
"1957","Gpr65"
"1958","Foxn3"
"1959","Psmc1"
"1960","Calm1"
"1961","Rps6ka5"
"1962","Ccdc88c"
"1963","Ndufb1-ps"
"1964","Cpsf2"
"1965","Lgmn"
"1966","Tmem251"
"1967","Ifi27"
"1968","Ifi27l2a"
"1969","Dicer1"
"1970","Glrx5"
"1971","Gskip"
"1972","Gm46378"
"1973","Hsp90aa1"
"1974","Ankrd9"
"1975","Rcor1"
"1976","Tnfaip2"
"1977","Atp5mpl"
"1978","Siva1"
"1979","Gpr132"
"1980","Brf1"
"1981","Crip1"
"1982","Ighm"
"1983","Esyt2"
"1984","Pfkp"
"1985","Gtpbp4"
"1986","Larp4b"
"1987","Gm47405"
"1988","Lgals8"
"1989","B3galnt2"
"1990","Psma2"
"1991","Inhba"
"1992","Mplkip"
"1993","Yae1d1"
"1994","Vps41"
"1995","Stard3nl"
"1996","Gpr141"
"1997","Gm47664"
"1998","Aoah"
"1999","Trim27"
"2000","Zkscan3"
"2001","Hist1h2ap"
"2002","Hist1h2br"
"2003","Hist1h4i"
"2004","Zfp322a"
"2005","Abt1"
"2006","Hist1h4h"
"2007","Hist1h1e"
"2008","Hist1h2ac"
"2009","Hist1h2bc"
"2010","Hist1h1c"
"2011","Cmah"
"2012","Gm11342"
"2013","Exoc2"
"2014","Serpinb1a"
"2015","Serpinb6a"
"2016","Nqo2"
"2017","Prpf4b"
"2018","Rreb1"
"2019","Riok1"
"2020","Gm31683"
"2021","Smim13"
"2022","Adtrp"
"2023","Nol7"
"2024","Ranbp9"
"2025","Mcur1"
"2026","Jarid2"
"2027","Mylip"
"2028","Atxn1"
"2029","Nup153"
"2030","Dek"
"2031","Ninj1"
"2032","Susd3"
"2033","Cks2"
"2034","Secisbp2"
"2035","Gadd45g"
"2036","Nfil3"
"2037","Thoc3"
"2038","Simc1"
"2039","Tspan17"
"2040","Hk3"
"2041","Uimc1"
"2042","Rab24"
"2043","Prelid1"
"2044","Grk6"
"2045","Prr7"
"2046","Tmed9"
"2047","Ddx46"
"2048","B230219D22Rik"
"2049","H2afy"
"2050","Ubqln1"
"2051","Rmi1"
"2052","Agtpbp1"
"2053","Golm1"
"2054","Isca1"
"2055","Ctla2a"
"2056","Fbp1"
"2057","Ctsl"
"2058","Uqcrb"
"2059","Zfp874b"
"2060","Zfp729b"
"2061","Zfp729a"
"2062","Tent4a"
"2063","Med10"
"2064","Ice1"
"2065","Ndufs6"
"2066","Lpcat1"
"2067","Brd9"
"2068","Exoc3"
"2069","Pdcd6"
"2070","Zfp825"
"2071","Cast"
"2072","Ell2"
"2073","Gm48302"
"2074","Mctp1"
"2075","Fam172a"
"2076","Arrdc3"
"2077","Mblac2"
"2078","Cetn3"
"2079","Mef2c"
"2080","Tmem161b"
"2081","Ccnh"
"2082","Rasa1"
"2083","Cox7c"
"2084","Xrcc4"
"2085","Ssbp2"
"2086","Zcchc9"
"2087","Zfyve16"
"2088","Homer1"
"2089","Jmy"
"2090","Arsb"
"2091","Lhfpl2"
"2092","Scamp1"
"2093","Tbca"
"2094","Aggf1"
"2095","Iqgap2"
"2096","Hmgcr"
"2097","Nsa2"
"2098","Hexb"
"2099","Gm10260"
"2100","Ankra2"
"2101","Bdp1"
"2102","Smn1"
"2103","Rad17"
"2104","Ccdc125"
"2105","Ppwd1"
"2106","Srek1ip1"
"2107","Depdc1b"
"2108","Pde4d"
"2109","Gapt"
"2110","Slc38a9"
"2111","Mtrex"
"2112","Dhx29"
"2113","Ccno"
"2114","Ndufs4"
"2115","Nnt"
"2116","Hmgcs1"
"2117","Zfp131"
"2118","Gm36161"
"2119","Gm21188"
"2120","3830406C13Rik"
"2121","Thoc7"
"2122","Atxn7"
"2123","Psmd6"
"2124","Slc4a7"
"2125","Rpl15"
"2126","Ecd"
"2127","Dnajc9"
"2128","Anxa7"
"2129","Ppp3cb"
"2130","2810402E24Rik"
"2131","Chchd1"
"2132","Camk2g"
"2133","Plau"
"2134","Vcl"
"2135","Adk"
"2136","Samd8"
"2137","Vdac2"
"2138","Zfp503"
"2139","Rps24"
"2140","Anxa11"
"2141","Arf4"
"2142","Appl1"
"2143","Tasor"
"2144","Actr8"
"2145","Tkt"
"2146","Pbrm1"
"2147","Nt5dc2"
"2148","Sh3bp5"
"2149","Ankrd28"
"2150","Ncoa4"
"2151","Timm23"
"2152","Mapk8"
"2153","Ghitm"
"2154","Sftpa1"
"2155","Ear2"
"2156","AC160336.1"
"2157","4930431P03Rik"
"2158","Gm17173"
"2159","Txndc16"
"2160","Ero1l"
"2161","Psmc6"
"2162","Cgrrf1"
"2163","Gch1"
"2164","Socs4"
"2165","Lgals3"
"2166","Dlgap5"
"2167","Fbxo34"
"2168","Peli2"
"2169","Tmem260"
"2170","Exoc5"
"2171","Ap5m1"
"2172","Pnp"
"2173","Rnase4"
"2174","Rnase6"
"2175","Supt16"
"2176","Chd8"
"2177","Dad1"
"2178","Slc7a7"
"2179","Mrpl52"
"2180","1700123O20Rik"
"2181","Cebpe"
"2182","Psme2"
"2183","Irf9"
"2184","Tm9sf1"
"2185","Tinf2"
"2186","Dhrs1"
"2187","Ltb4r1"
"2188","Sap18"
"2189","Mrpl57"
"2190","Cab39l"
"2191","Cdadc1"
"2192","Amer2"
"2193","Spata13"
"2194","Arl11"
"2195","Ints6"
"2196","Ctsb"
"2197","Msra"
"2198","Kif13b"
"2199","Zfp395"
"2200","Ccdc25"
"2201","Trim35"
"2202","Bnip3l"
"2203","Ppp2r2a"
"2204","Egr3"
"2205","Sftpc"
"2206","Nudt18"
"2207","Fam160b2"
"2208","Xpo7"
"2209","Dok2"
"2210","Fndc3a"
"2211","Rcbtb2"
"2212","Lpar6"
"2213","Esd"
"2214","Zc3h13"
"2215","Slc25a30"
"2216","Gpalpp1"
"2217","Tsc22d1"
"2218","Epsti1"
"2219","Dgkh"
"2220","Rgcc"
"2221","Naa16"
"2222","Wbp4"
"2223","Olfm4"
"2224","Dach1"
"2225","Klf5"
"2226","Tbc1d4"
"2227","Kctd12"
"2228","4933432I03Rik"
"2229","Acod1"
"2230","Spry2"
"2231","Dnajc3"
"2232","Selenop"
"2233","Card6"
"2234","Ptger4"
"2235","Rictor"
"2236","Nup155"
"2237","Cplane1"
"2238","Dnajc21"
"2239","Zfr"
"2240","Basp1"
"2241","Zfp622"
"2242","Otulin"
"2243","Otulinl"
"2244","Ctnnd2"
"2245","Dap"
"2246","Ankrd33b"
"2247","Ropn1l"
"2248","Vps13b"
"2249","Cox6c"
"2250","Polr2k"
"2251","Rnf19a"
"2252","Ubr5"
"2253","Klf10"
"2254","Atp6v1c1"
"2255","Dcaf13"
"2256","Eif3e"
"2257","Eny2"
"2258","Eif3h"
"2259","Utp23"
"2260","Gm34794"
"2261","Taf2"
"2262","Sntb1"
"2263","Has2"
"2264","Zhx1"
"2265","Atad2"
"2266","Tmem65"
"2267","Nsmce2"
"2268","Trib1"
"2269","Efr3a"
"2270","Phf20l1"
"2271","Chrac1"
"2272","Ptp4a3"
"2273","Ly6e"
"2274","Ly6c1"
"2275","Ly6c2"
"2276","Ly6g"
"2277","Scrib"
"2278","Plec"
"2279","Smpd5"
"2280","Gpaa1"
"2281","Cyc1"
"2282","Dgat1"
"2283","Fbxl6"
"2284","Slc39a4"
"2285","1110038F14Rik"
"2286","Txn2"
"2287","Eif3d"
"2288","Csf2rb2"
"2289","Tst"
"2290","Mpst"
"2291","Rac2"
"2292","Gm36738"
"2293","Triobp"
"2294","Polr2f"
"2295","Maff"
"2296","Josd1"
"2297","Gtpbp1"
"2298","Cbx7"
"2299","Rpl3"
"2300","St13"
"2301","Rbx1"
"2302","Tob2"
"2303","Desi1"
"2304","Snu13"
"2305","Srebf2"
"2306","Smdt1"
"2307","Tspo"
"2308","Samm50"
"2309","Parvg"
"2310","Nup50"
"2311","Atxn10"
"2312","Pim3"
"2313","1810021B22Rik"
"2314","Trabd"
"2315","Selenoo"
"2316","Ppp6r2"
"2317","C730034F03Rik"
"2318","Lrrk2"
"2319","Gxylt1"
"2320","Zcrb1"
"2321","2610037D02Rik"
"2322","Arid2"
"2323","Slc38a1"
"2324","Pced1b"
"2325","Senp1"
"2326","Ddx23"
"2327","Rnd1"
"2328","Tuba1b"
"2329","Tuba1c"
"2330","Bcdin3d"
"2331","Mettl7a1"
"2332","Nr4a1"
"2333","Krt80"
"2334","Krt83"
"2335","Igfbp6"
"2336","Csad"
"2337","Itgb7"
"2338","Rarg"
"2339","Prr13"
"2340","Atp5g2"
"2341","Hnrnpa1"
"2342","Gpr84"
"2343","Itga5"
"2344","Mefv"
"2345","Zfp263"
"2346","Zfp597"
"2347","1700037C18Rik"
"2348","Coro7"
"2349","Cdip1"
"2350","Rogdi"
"2351","Glyr1"
"2352","Pmm2"
"2353","Socs1"
"2354","Txndc11"
"2355","Snx29"
"2356","Bfar"
"2357","Ube2v2"
"2358","Dgcr6"
"2359","Tango2"
"2360","Comt"
"2361","Sept5"
"2362","B3gnt5"
"2363","Klhl6"
"2364","Abcc5"
"2365","Psmd2"
"2366","Tra2b"
"2367","Dgkg"
"2368","Rtp4"
"2369","Gm31583"
"2370","Gm31814"
"2371","Lpp"
"2372","Cldn1"
"2373","Il1rap"
"2374","Hes1"
"2375","Atp13a3"
"2376","Gm49767"
"2377","Dlg1"
"2378","0610012G03Rik"
"2379","Cep19"
"2380","Rpl35a"
"2381","Parp14"
"2382","Dtx3l"
"2383","Parp9"
"2384","Fam162a"
"2385","Stfa2l1"
"2386","Cstdc4"
"2387","Csta3"
"2388","Cstdc6"
"2389","Cstdc5"
"2390","Stfa2"
"2391","Stfa3"
"2392","Cd86"
"2393","Golgb1"
"2394","Pla1a"
"2395","D930030I03Rik"
"2396","Cd80"
"2397","Zbtb20"
"2398","Atp6v1a"
"2399","Cd200r1"
"2400","Retnlg"
"2401","Cd47"
"2402","Bbx"
"2403","Dubr"
"2404","Nfkbiz"
"2405","Rpl24"
"2406","Zbtb11"
"2407","Tmem45a2"
"2408","Tomm70a"
"2409","St3gal6"
"2410","Arl13b"
"2411","Gbe1"
"2412","Hspa13"
"2413","Samsn1"
"2414","Btg3"
"2415","D16Ertd472e"
"2416","Atp5j"
"2417","Ltn1"
"2418","Usp16"
"2419","Cct8"
"2420","Tiam1"
"2421","Sod1"
"2422","Mis18a"
"2423","Ifnar1"
"2424","Cryzl1"
"2425","Atp5o"
"2426","Rcan1"
"2427","Cbr3"
"2428","Dop1b"
"2429","Erg"
"2430","Ets2"
"2431","Brwd1"
"2432","Itgb2l"
"2433","Gm49797"
"2434","Snx9"
"2435","Dynlt1c"
"2436","Rps6ka2"
"2437","Tagap"
"2438","Gm1604a"
"2439","Agpat4"
"2440","Igf2r"
"2441","Mrpl18"
"2442","Tcp1"
"2443","Sod2"
"2444","Gm36684"
"2445","Afdn"
"2446","Fpr1"
"2447","Fpr2"
"2448","Zfp760"
"2449","Zfp942"
"2450","Zfp943"
"2451","Mmp25"
"2452","Pgp"
"2453","Mlst8"
"2454","Traf7"
"2455","Slc9a3r2"
"2456","Rps2"
"2457","Ndufb10"
"2458","Rpl3l"
"2459","Hagh"
"2460","Ciao3"
"2461","Fam173a"
"2462","Tmem8"
"2463","Mrpl28"
"2464","Fam234a"
"2465","Gm34455"
"2466","Dusp1"
"2467","Cuta"
"2468","Uqcc2"
"2469","AI413582"
"2470","Nudt3"
"2471","Taf11"
"2472","Rpl10a"
"2473","Srpk1"
"2474","Mapk13"
"2475","Srsf3"
"2476","Cdkn1a"
"2477","Pim1"
"2478","Rnf8"
"2479","Ccdc167"
"2480","Btbd9"
"2481","Gm50240"
"2482","Glo1"
"2483","Dnah8"
"2484","Ndufv3"
"2485","U2af1"
"2486","Sik1"
"2487","Rasal3"
"2488","Adamts10"
"2489","Zfp414"
"2490","Pram1"
"2491","Rps28"
"2492","B3galt4"
"2493","Rps18"
"2494","H2-Ke6"
"2495","H2-Aa"
"2496","H2-Eb1"
"2497","Nelfe"
"2498","Lsm2"
"2499","Ly6g5b"
"2500","Tnf"
"2501","Atp6v1g2"
"2502","Ddx39b"
"2503","H2-Q4"
"2504","H2-Q6"
"2505","H2-Q7"
"2506","Ier3"
"2507","Flot1"
"2508","Tubb5"
"2509","Nrm"
"2510","Dhx16"
"2511","Atat1"
"2512","Abcf1"
"2513","Gnl1"
"2514","Trim39"
"2515","Ppp1r11"
"2516","Gabbr1"
"2517","Gm42418"
"2518","Cenpq"
"2519","Tnfrsf21"
"2520","1700071M16Rik"
"2521","Runx2os1"
"2522","Supt3"
"2523","Nfkbie"
"2524","Slc35b2"
"2525","Hsp90ab1"
"2526","Vegfa"
"2527","Rpl7l1"
"2528","Bicral"
"2529","Ubr2"
"2530","Guca1a"
"2531","Ccnd3"
"2532","Trem1"
"2533","Treml2"
"2534","Mpnd"
"2535","Ubxn6"
"2536","Lrg1"
"2537","Mydgf"
"2538","Plin3"
"2539","Rpl36"
"2540","Ndufa11"
"2541","Rfx2"
"2542","Gtf2f1"
"2543","C3"
"2544","Fer"
"2545","Man2a1"
"2546","Ankrd12"
"2547","Tgif1"
"2548","1600022D10Rik"
"2549","Smchd1"
"2550","Dpy30"
"2551","Yipf4"
"2552","Eif2ak2"
"2553","Cebpzos"
"2554","Cebpz"
"2555","Ndufaf7"
"2556","Prkd3"
"2557","Srsf7"
"2558","Sos1"
"2559","Eml4"
"2560","Gm19696"
"2561","Crem"
"2562","Map3k8"
"2563","Mpp7"
"2564","Ccny"
"2565","Mib1"
"2566","Rbbp8"
"2567","Impact"
"2568","B4galt6"
"2569","Trappc8"
"2570","Rnf125"
"2571","Rnf138"
"2572","Mapre2"
"2573","Zfp397"
"2574","Zfp24"
"2575","Galnt1"
"2576","Rprd1a"
"2577","Iws1"
"2578","Apc"
"2579","Srp19"
"2580","Brd8"
"2581","Egr1"
"2582","Etf1"
"2583","Ctnna1"
"2584","Pura"
"2585","Cystm1"
"2586","Pfdn1"
"2587","Apbb3"
"2588","Cd14"
"2589","Ik"
"2590","Hars"
"2591","Taf7"
"2592","Lars"
"2593","Gm4013"
"2594","Rbm27"
"2595","Dcp2"
"2596","Pggt1b"
"2597","Fem1c"
"2598","Eif1a"
"2599","Ap3s1"
"2600","Dmxl1"
"2601","Tnfaip8"
"2602","Csnk1g3"
"2603","Gm4221"
"2604","Lmnb1"
"2605","Prrc1"
"2606","Smim3"
"2607","Dctn4"
"2608","Cd74"
"2609","Slc26a2"
"2610","Txnl1"
"2611","Wdr7"
"2612","Fech"
"2613","Nars"
"2614","Malt1"
"2615","Pmaip1"
"2616","Mppe1"
"2617","Impa2"
"2618","Cep192"
"2619","Me2"
"2620","Acaa2"
"2621","Smad7"
"2622","Zfp516"
"2623","Cyb5a"
"2624","Tmx3"
"2625","1810055G02Rik"
"2626","Chka"
"2627","Ndufs8"
"2628","Aldh3b1"
"2629","Cdk2ap2"
"2630","Ptprcap"
"2631","Rbm4"
"2632","Dpp3"
"2633","Fosl1"
"2634","Fibp"
"2635","Rnaseh2c"
"2636","Cdc42ep2"
"2637","Slc22a20"
"2638","Ehd1"
"2639","Prdx5"
"2640","Plcb3"
"2641","Ppp1r14b"
"2642","Fkbp2"
"2643","Dnajc4"
"2644","Fermt3"
"2645","Plaat3"
"2646","9830166K06Rik"
"2647","Slc3a2"
"2648","Tmem223"
"2649","Ttc9c"
"2650","Ganab"
"2651","Fth1"
"2652","Tmem216"
"2653","Cyb561a3"
"2654","Slc15a3"
"2655","Patl1"
"2656","Zfp91"
"2657","Vps13a"
"2658","Anxa1"
"2659","Abhd17b"
"2660","Cemip2"
"2661","Ak3"
"2662","Jak2"
"2663","Plgrkt"
"2664","Cd274"
"2665","Uhrf2"
"2666","Ankrd22"
"2667","Stambpl1"
"2668","Acta2"
"2669","Ifit2"
"2670","Ifit3"
"2671","Ifit3b"
"2672","Ifit1bl2"
"2673","Ifit1"
"2674","Pcgf5"
"2675","Btaf1"
"2676","Hhex"
"2677","Entpd1"
"2678","Zfp518a"
"2679","Pik3ap1"
"2680","Arhgap19"
"2681","Pgam1"
"2682","Got1"
"2683","Entpd7"
"2684","Ndufb8"
"2685","Hif1an"
"2686","Slf2"
"2687","Ldb1"
"2688","Nolc1"
"2689","4833438C02Rik"
"2690","Nfkb2"
"2691","Sfxn2"
"2692","Taf5"
"2693","Stn1"
"2694","Sfr1"
"2695","Gm30541"
"2696","Dusp5"
"2697","Smc3"
"2698","Zdhhc6"
"2699","Vti1a"
"2700","Tcf7l2"
"2701","Nhlrc2"
"2702","Ccdc186"
"2703","Pdzd8"
"2704","Rab11fip2"
"2705","Eif3a"
"2706","Prdx3"
"2707","Zfp950"
"2708","Plp2"
"2709","Rbm3"
"2710","Cybb"
"2711","Dynlt3"
"2712","Bcor"
"2713","Ddx3x"
"2714","Fundc1"
"2715","Kdm6a"
"2716","Rp2"
"2717","Ndufb11"
"2718","Wdr44"
"2719","Il13ra1"
"2720","C330007P06Rik"
"2721","Sept6"
"2722","Upf3b"
"2723","Nkap"
"2724","Ndufa1"
"2725","Mcts1"
"2726","C1galt1c1"
"2727","Thoc2"
"2728","Utp14a"
"2729","Bcorl1"
"2730","Mbnl3"
"2731","Hprt"
"2732","C430049B03Rik"
"2733","Mospd1"
"2734","Arhgef6"
"2735","Rbmx"
"2736","Atp11c"
"2737","Vma21"
"2738","Cetn2"
"2739","Abcd1"
"2740","L1cam"
"2741","Naa10"
"2742","Hcfc1"
"2743","Irak1"
"2744","Flna"
"2745","Emd"
"2746","Lage3"
"2747","Ubl4a"
"2748","G6pdx"
"2749","Tbl1x"
"2750","Prkx"
"2751","Tab3"
"2752","Gk"
"2753","5430427O19Rik"
"2754","Pdk3"
"2755","Eif2s3x"
"2756","Gspt2"
"2757","F630028O10Rik"
"2758","Stard8"
"2759","Snx12"
"2760","Il2rg"
"2761","Taf1"
"2762","Nhsl2"
"2763","Rps4x"
"2764","Xist"
"2765","5530601H04Rik"
"2766","Atrx"
"2767","Magt1"
"2768","Cox7b"
"2769","Atp7a"
"2770","Pgk1"
"2771","2610002M06Rik"
"2772","Brwd3"
"2773","Sh3bgrl"
"2774","Diaph2"
"2775","Trmt2b"
"2776","Rpl36a"
"2777","Gla"
"2778","Zmat1"
"2779","Armcx5"
"2780","Tceal9"
"2781","Morf4l2"
"2782","Rnf128"
"2783","Nxt2"
"2784","Acsl4"
"2785","Ammecr1"
"2786","Tmem29"
"2787","Gnl3l"
"2788","Hsd17b10"
"2789","Smc1a"
"2790","Eif1ax"
"2791","Sh3kbp1"
"2792","Pdha1"
"2793","Reps2"
"2794","Zrsr2"
"2795","Bmx"
"2796","Mospd2"
"2797","Tlr7"
"2798","Msl3"
"2799","Hccs"
"2800","mt-Nd1"
"2801","mt-Nd2"
"2802","mt-Co1"
"2803","mt-Co2"
"2804","mt-Atp6"
"2805","mt-Co3"
"2806","mt-Nd3"
"2807","mt-Nd4l"
"2808","mt-Nd4"
"2809","mt-Nd5"
"2810","mt-Cytb"
"2811","Csprs"
"2812","AC149090.1"
